微信支付账单明细,,,,,,,,
微信昵称：[ld],,,,,,,,
起始时间：[2024-07-02 00:00:00] 终止时间：[2024-10-01 23:59:59],,,,,,,,
导出类型：[全部],,,,,,,,
导出时间：[2024-11-07 12:48:12],,,,,,,,
,,,,,,,,
共292笔记录,,,,,,,,
收入：18笔 3797.84元,,,,,,,,
支出：273笔 16906.06元,,,,,,,,
中性交易：1笔 3.00元,,,,,,,,
注：,,,,,,,,
1. 充值/提现/理财通购买/零钱通存取/信用卡还款等交易，将计入中性交易,,,,,,,,
2. 本明细仅展示当前账单中的交易，不包括已删除的记录,,,,,,,,
3. 本明细仅供个人对账使用,,,,,,,,
,,,,,,,,
----------------------微信支付账单明细列表--------------------,,,,,,,,
交易时间,交易类型,交易对方,商品,收/支,金额(元),支付方式,当前状态,交易单号,商户单号,备注
2024-10-01 15:03:35,商户消费,罗森,"大连罗森黄泥川金槐楼店消费",支出,¥39.60,工商银行储蓄卡(1845),支付成功,4200067717202410012289682130	,587657319488	,"/"
2024-10-01 14:55:01,商户消费,大连三寰商业管理有限公司,"大连三寰商业管理有限公司扫码收款",支出,¥9.90,工商银行储蓄卡(1845),支付成功,4200067721202410018731791589	,20241001110113130166218113825357	,"/"
2024-09-30 12:35:08,扫二维码付款,便利森便利店丨甘井子店,"收款方备注:二维码收款",支出,¥5.00,零钱,已转账,100010710124093000060326195212357947	,10001071012024093000712920607182	,"/"
2024-09-30 11:55:04,商户消费,鹏成餐饮管理,"岳记山陕老碗",支出,¥21.00,工商银行储蓄卡(1845),支付成功,4200002342202409306421232244	,202409301155013045066756	,"/"
2024-09-30 07:07:59,商户消费,(PCS)亚惠美食有限公司,"百乐汇厨房-扫码付-YY0015001501-240930-00230707(001)",支出,¥10.50,工商银行储蓄卡(1845),支付成功,4200002348202409300093865601	,08980605202711004754564555728912	,"/"
2024-09-29 12:12:54,商户消费,美团平台商户,"美团订单-24092911100300001307642601009549",支出,¥12.00,工商银行储蓄卡(1845),支付成功,4200002435202409290028777066	,20240929121242U32795691458865945	,"/"
2024-09-29 11:57:24,商户消费,鹏成餐饮管理,"头份便当",支出,¥20.00,工商银行储蓄卡(1845),支付成功,4200066313202409294310211937	,202409291157215402830833	,"/"
2024-09-29 07:09:17,商户消费,(PCS)亚惠美食有限公司,"百乐汇厨房-扫码付-YY0015001501-240929-00150708(001)",支出,¥13.00,工商银行储蓄卡(1845),支付成功,4200002354202409294803912680	,08980605202711004030440661329963	,"/"
2024-09-28 17:45:18,商户消费,望月圆超市,"望月圆生活超市-2024092817454962283092158990",支出,¥28.50,工商银行储蓄卡(1845),支付成功,4200002373202409285603083704	,1000796331524272	,"/"
2024-09-28 15:29:06,商户消费,万达广场,"停车缴费",支出,¥12.00,工商银行储蓄卡(1845),支付成功,4200002401202409284715411426	,5837712153138929664	,"/"
2024-09-27 11:59:05,商户消费,鹏成餐饮管理,"头份便当",支出,¥20.00,工商银行储蓄卡(1845),支付成功,4200066316202409276755392860	,202409271159023500775546	,"/"
2024-09-26 18:21:01,扫二维码付款,一生平安,"收款方备注:二维码收款",支出,¥13.90,工商银行储蓄卡(1845),已转账,100004990124092600060326065324360947	,10000499012024092600495108446061	,"/"
2024-09-26 15:22:45,扫二维码付款,美之道理发烫发染发15840979329,"收款方备注:二维码收款",支出,¥35.00,工商银行储蓄卡(1845),已转账,100010710124092600060327563957914947	,10001071012024092600668980042055	,"/"
2024-09-26 13:45:54,扫二维码付款,请叫我女王👸,"收款方备注:二维码收款",支出,¥5200.00,工商银行储蓄卡(1845),已转账,100010710124092600060325963301295947	,10001071012024092600494515200089	,"/"
2024-09-26 12:06:57,商户消费,luckin coffee,"订单付款",支出,¥9.90,工商银行储蓄卡(1845),支付成功,4200002366202409269980709626	,10115918723683622915	,"/"
2024-09-25 19:32:23,商户消费,望月圆超市,"望月圆生活超市-2024092519324906883092157171",支出,¥9.30,工商银行储蓄卡(1845),支付成功,4200067722202409255261437925	,1000941131524269	,"/"
2024-09-25 16:43:15,商户消费,罗森(软件园腾飞二期店),"大连罗森软件园腾飞二期店消费",支出,¥14.80,工商银行储蓄卡(1845),支付成功,4200067720202409251810403477	,585827774088	,"/"
2024-09-25 11:57:50,商户消费,鹏成餐饮管理,"鱼跃鸡公煲",支出,¥17.00,零钱,支付成功,4200002439202409255387684245	,202409251157455296243248	,"/"
2024-09-25 07:08:15,商户消费,高德云信,"订单编号：13070600724092594061580389135",支出,¥15.00,零钱,支付成功,4200002433202409253588557840	,95516000675004097740253983170356	,"/"
2024-09-25 07:06:59,商户消费,(PCS)亚惠美食有限公司,"百乐汇厨房-扫码付-YY0015001501-240925-00150706(001)",支出,¥12.00,零钱,支付成功,4200067724202409255760439094	,08980605202711001130178003073104	,"/"
2024-09-24 16:45:45,商户消费,罗森(软件园腾飞二期店),"大连罗森软件园腾飞二期店消费",支出,¥10.90,零钱,支付成功,4200066319202409247425215200	,585520657188	,"/"
2024-09-24 13:43:50,商户消费,罗森(软件园腾飞二期店),"大连罗森软件园腾飞二期店消费",支出,¥7.00,零钱,支付成功,4200067720202409242079779326	,585477764188	,"/"
2024-09-24 07:01:20,商户消费,(PCS)亚惠美食有限公司,"百乐汇厨房-扫码付-YY0015001501-240924-00110700(001)",支出,¥12.00,零钱,支付成功,4200002366202409243363930531	,08980605202711000402566125076549	,"/"
2024-09-23 19:30:20,转账,白雪松,"转账备注:微信转账",支出,¥30.00,零钱,对方已收钱,53010000874248202409230293167840	,1000050001202409230528321638890	,"/"
2024-09-23 16:22:23,商户消费,罗森(软件园腾飞二期店),"大连罗森软件园腾飞二期店消费",支出,¥10.80,零钱,支付成功,4200002355202409237729084112	,585199637888	,"/"
2024-09-23 12:19:16,商户消费,美团平台商户,"美团订单-24092311100300001306689750072549",支出,¥12.90,零钱,支付成功,4200002440202409237458190861	,20240923121905U05555475416390235	,"/"
2024-09-23 12:03:05,扫二维码付款,悦来家常菜,"收款方备注:二维码收款",支出,¥14.00,零钱,已转账,100010710124092300060325938231724947	,10001071012024092300935946147087	,"/"
2024-09-23 07:15:03,商户消费,美团平台商户,"美团订单-24092311100300001306643292326549",支出,¥7.90,零钱,支付成功,4200002446202409236356848863	,20240923071456U40073185813298656	,"/"
2024-09-23 06:59:53,商户消费,(PCS)亚惠美食有限公司,"百乐汇厨房-扫码付-YY0015001501-240923-00090658(001)",支出,¥12.00,零钱,支付成功,4200002364202409239505160972	,08980605202710999677061952339992	,"/"
2024-09-22 19:19:43,商户消费,拼多多平台商户,"商户单号XP1524092219200082953629000991",支出,¥19.90,零钱,支付成功,4200002451202409226610195424	,XP1524092219200082953629000991	,"/"
2024-09-22 08:19:37,商户消费,玖个褶包子智荟天地店,"玖个褶包子智荟天地店",支出,¥24.00,零钱,支付成功,4200066319202409225515608260	,1063202409228773805081935673	,"/"
2024-09-21 16:04:26,商户消费,大连森林动物园有限公司,"大连森林动物园院内地上停车场-停车缴费-辽B7N95U",支出,¥10.00,零钱,支付成功,4200002392202409211602996190	,WT202409211604213507297n4adj98m	,"/"
2024-09-21 09:55:07,商户消费,望月圆超市,"望月圆生活超市-2024092109550376583092153498",支出,¥5.80,零钱,支付成功,4200002327202409216864884319	,1000300531524265	,"/"
2024-09-21 09:54:31,商户消费,望月圆超市,"望月圆生活超市-2024092109542699683092158973",支出,¥5.50,零钱,支付成功,4200067720202409214233122980	,1000098931524265	,"/"
2024-09-21 08:33:43,扫二维码付款,洋洋,"收款方备注:二维码收款",支出,¥12.00,零钱,已转账,100010710124092100060325920166636947	,10001071012024092100746216965055	,"/"
2024-09-20 16:37:07,商户消费,罗森(软件园腾飞二期店),"大连罗森软件园腾飞二期店消费",支出,¥15.80,零钱,支付成功,4200067723202409206795801786	,584351419888	,"/"
2024-09-20 12:23:02,扫二维码付款,便利森便利店丨甘井子店,"收款方备注:二维码收款",支出,¥4.00,零钱,已转账,100010710124092000060327714561652947	,10001071012024092000987412263054	,"/"
2024-09-20 12:06:54,扫二维码付款,海大炸鸡咖喱饭,"收款方备注:二维码收款",支出,¥18.00,零钱,已转账,100010710124092000060327714425257947	,10001071012024092000784762298087	,"/"
2024-09-20 07:09:47,商户消费,(PCS)亚惠美食有限公司,"百乐汇厨房-扫码付-YY0015001501-240920-00210708(001)",支出,¥12.00,零钱,支付成功,4200002364202409203758920181	,08980605202710997507713464680528	,"/"
2024-09-19 18:00:35,商户消费,望月圆超市,"望月圆生活超市-2024091918003603483092155253",支出,¥10.00,零钱,支付成功,4200067719202409198555132011	,1000752031524263	,"/"
2024-09-19 16:21:49,商户消费,辽宁省高速公路运营管理有限责任公司,"辽宁省高速公路运营管理有限责任公司",支出,¥10.00,零钱,支付成功,4200002426202409196541097166	,35RG202409191621432uajxpj	,"/"
2024-09-19 05:46:04,扫二维码付款,嘉和油条,"收款方备注:二维码收款",支出,¥22.00,零钱,已转账,100010710124091900060326904302680947	,10001071012024091900418758669152	,"/"
2024-09-18 19:38:46,商户消费,高新区鑫亿嘉优选便利超市,"亿嘉优选仓储超市",支出,¥23.40,零钱,支付成功,4200066313202409186020918801	,03232409187072494614602	,"/"
2024-09-18 15:06:57,扫二维码付款,洋洋,"收款方备注:二维码收款",支出,¥120.00,零钱,已转账,100010710124091800060326100966738947	,10001071012024091800104847267094	,"/"
2024-09-18 14:06:07,商户消费,高新区鑫亿嘉优选便利超市,"亿嘉优选仓储超市",支出,¥184.10,零钱,支付成功,4200067720202409180023965066	,03242409185076576102418	,"/"
2024-09-18 10:12:59,商户消费,辽宁省高速公路运营管理有限责任公司,"辽宁省高速公路运营管理有限责任公司",支出,¥100.00,零钱,支付成功,4200002431202409188764219105	,35RG20240918101253rvno2jk	,"/"
2024-09-18 09:32:44,商户消费,luckin coffee,"订单付款",支出,¥9.90,零钱,支付成功,4200002379202409180348318455	,10115871718890102784	,"/"
2024-09-18 07:02:40,商户消费,玖个褶包子智荟天地店,"玖个褶包子智荟天地店",支出,¥16.00,零钱,支付成功,4200002355202409183630720740	,1063202409188773805070239586	,"/"
2024-09-18 06:52:59,微信红包,蔚 🌸花朵麻麻,"/",收入,¥0.01,/,已存入零钱,1000039801075409177247621220024	,1000039801202409177247621220024	,"/"
2024-09-17 08:42:52,转账,王磊,"转账备注:微信转账",收入,¥400.00,/,已存入零钱,1000050001202409170626419592303	,/	,"/"
2024-09-17 08:42:35,商户消费,玖个褶包子智荟天地店,"玖个褶包子智荟天地店",支出,¥11.00,零钱,支付成功,4200067721202409176921374289	,1063202409178773805084233738	,"/"
2024-09-16 19:48:10,转账,姜锴锋,"转账备注:微信转账",收入,¥400.00,/,已存入零钱,1000050001202409160628937774432	,/	,"/"
2024-09-16 18:48:10,商户消费,徕喽24h共享自助洗车黄泥川店,"星星_2024-09-16 18:48:02",支出,¥200.00,工商银行储蓄卡(1845),支付成功,4200002383202409161443597127	,49156043220240916184802	,"/"
2024-09-16 09:15:48,商户消费,拼多多平台商户,"商户单号XP1624091609201877845134002129",支出,¥15.44,工商银行储蓄卡(1845),支付成功,4200002343202409165741339020	,XP1624091609201877845134002129	,"/"
2024-09-16 07:34:20,商户消费,三品粥店,"三品粥店",支出,¥38.00,工商银行储蓄卡(1845),支付成功,4200002445202409160583638905	,2024091600122000100328174591	,"/"
2024-09-15 18:23:30,商户消费,臣盛家火锅鸡,"臣盛家火锅鸡",支出,¥12.00,工商银行储蓄卡(1845),支付成功,4200002377202409159109918535	,8001270530024259	,"/"
2024-09-15 17:40:51,商户消费,美团平台商户,"美团订单-24091511100300001305355316052549",支出,¥184.72,工商银行储蓄卡(1845),支付成功,4200002432202409159947600698	,20240915174045U24036714578920341	,"/"
2024-09-14 20:08:21,其他,辽宁青啤,"/",收入,¥0.52,/,已到账,151730990124091410105004338395918136132947166	,10101028820872409146869195494184	,"辽宁青啤"
2024-09-14 15:00:33,商户消费,京东商城平台商户,"京东-订单编号300968008293",支出,¥9.90,工商银行储蓄卡(1845),支付成功,4200002332202409147909751452	,1012721424091415002200426	,"/"
2024-09-14 11:56:50,商户消费,鹏成餐饮管理,"岳记山陕老碗",支出,¥21.00,工商银行储蓄卡(1845),支付成功,4200002439202409145145457584	,202409141156442521548124	,"/"
2024-09-14 07:21:14,商户消费,美团平台商户,"美团订单-24091411100300001305052661827549",支出,¥7.90,工商银行储蓄卡(1845),支付成功,4200002426202409144462688215	,20240914072108U40800136806682586	,"/"
2024-09-14 07:09:47,商户消费,(PCS)亚惠美食有限公司,"百乐汇厨房-扫码付-YY0015001501-240914-00160709(001)",支出,¥11.50,工商银行储蓄卡(1845),支付成功,4200067724202409146541731289	,08980605202710993159051821428787	,"/"
2024-09-13 17:06:51,商户消费,罗森(软件园腾飞二期店),"大连罗森软件园腾飞二期店消费",支出,¥7.90,工商银行储蓄卡(1845),支付成功,4200002343202409132217240604	,582337310588	,"/"
2024-09-13 12:26:48,商户消费,罗森(软件园腾飞二期店),"大连罗森软件园腾飞二期店消费",支出,¥7.00,工商银行储蓄卡(1845),支付成功,4200002363202409135952590796	,582268232688	,"/"
2024-09-13 12:00:40,商户消费,鹏成餐饮管理,"小丰无名缘米粉",支出,¥15.00,工商银行储蓄卡(1845),支付成功,4200002423202409133149457626	,202409131200350783972287	,"/"
2024-09-13 07:15:20,商户消费,美团平台商户,"美团订单-24091311100300001304873352675549",支出,¥7.90,工商银行储蓄卡(1845),支付成功,4200002417202409131424706560	,20240913071512U01719979255200060	,"/"
2024-09-13 07:03:41,商户消费,(PCS)亚惠美食有限公司,"百乐汇厨房-扫码付-YY0015001501-240913-00110703(001)",支出,¥12.00,工商银行储蓄卡(1845),支付成功,4200002370202409138220470351	,08980605202710992431210952101986	,"/"
2024-09-12 16:17:25,商户消费,罗森(软件园腾飞二期店),"大连罗森软件园腾飞二期店消费",支出,¥7.90,工商银行储蓄卡(1845),支付成功,4200002360202409121433492644	,581994601188	,"/"
2024-09-12 11:58:51,商户消费,鹏成餐饮管理,"鱼跃鸡公煲",支出,¥17.00,工商银行储蓄卡(1845),支付成功,4200002405202409126594717225	,202409121158468356325596	,"/"
2024-09-12 07:19:18,商户消费,美团平台商户,"美团订单-24091211100300001304696685188549",支出,¥7.90,工商银行储蓄卡(1845),支付成功,4200002404202409128326867953	,20240912071912U87843901277971313	,"/"
2024-09-12 07:06:30,商户消费,(PCS)亚惠美食有限公司,"百乐汇厨房-扫码付-YY0015001501-240912-00170706(001)",支出,¥10.50,工商银行储蓄卡(1845),支付成功,4200002341202409124970742654	,08980605202710991707858683793433	,"/"
2024-09-11 18:51:59,商户消费,望月圆超市,"望月圆生活超市-2024091118520916783092158683",支出,¥30.70,工商银行储蓄卡(1845),支付成功,4200002359202409118539269109	,1001008131524255	,"/"
2024-09-11 12:01:31,扫二维码付款,海大炸鸡咖喱饭,"收款方备注:二维码收款",支出,¥18.00,工商银行储蓄卡(1845),已转账,100010710124091100060325026133428947	,10001071012024091100919852425167	,"/"
2024-09-11 07:30:49,商户消费,美团平台商户,"美团订单-24091111100300001304537549196549",支出,¥7.90,工商银行储蓄卡(1845),支付成功,4200002409202409112405147664	,20240911073043U93029673002687823	,"/"
2024-09-11 07:20:40,转账,张一权,"转账备注:微信转账",支出,¥580.00,工商银行储蓄卡(1845),对方已收钱,53010000943249202409114060817832	,1000050001202409110421549871649	,"/"
2024-09-11 07:09:34,商户消费,(PCS)亚惠美食有限公司,"百乐汇厨房-扫码付-YY0015001501-240911-00180708(001)",支出,¥12.00,工商银行储蓄卡(1845),支付成功,4200066316202409112944870735	,08980605202710990984620810407936	,"/"
2024-09-10 12:28:19,商户消费,罗森(软件园腾飞二期店),"大连罗森软件园腾飞二期店消费",支出,¥8.00,工商银行储蓄卡(1845),支付成功,4200002343202409109182294144	,581316103088	,"/"
2024-09-10 07:10:00,商户消费,美团平台商户,"美团订单-24091011100300001304370566420549",支出,¥7.90,工商银行储蓄卡(1845),支付成功,4200002422202409104347965421	,20240910070955U16808621425915202	,"/"
2024-09-10 07:00:59,商户消费,(PCS)亚惠美食有限公司,"百乐汇厨房-扫码付-YY0015001501-240910-00130700(001)",支出,¥12.00,工商银行储蓄卡(1845),支付成功,4200002369202409108814175104	,08980605202710990255527504613381	,"/"
2024-09-09 18:34:18,商户消费,大连恒大檀溪郡物业服务中心,"物业费",支出,¥215.80,工商银行储蓄卡(1845),支付成功,4200002352202409098287503466	,NS7020240909183411129762	,"/"
2024-09-09 11:59:49,商户消费,鹏成餐饮管理,"岳记山陕老碗",支出,¥21.00,工商银行储蓄卡(1845),支付成功,4200002368202409099713820540	,202409091159479302822650	,"/"
2024-09-09 07:21:27,商户消费,美团平台商户,"美团订单-24090911100300001304201149470549",支出,¥7.90,工商银行储蓄卡(1845),支付成功,4200002323202409095225449307	,20240909072117U21705574605656027	,"/"
2024-09-09 07:11:07,商户消费,(PCS)亚惠美食有限公司,"百乐汇厨房-扫码付-YY0015001501-240909-00170709(001)",支出,¥12.00,工商银行储蓄卡(1845),支付成功,4200002329202409098663094258	,08980605202710989535853087367203	,"/"
2024-09-08 19:52:27,商户消费,甜屋湾家店,"甜屋湾家店",支出,¥915.51,工商银行储蓄卡(1845),支付成功,4200002347202409087435486959	,340054820018000012409080162136	,"已优惠¥9.29"
2024-09-08 18:26:49,商户消费,拼多多平台商户,"商户单号XP1024090818200248982186001584",支出,¥2.63,零钱,支付成功,4200002399202409085535461472	,XP1024090818200248982186001584	,"/"
2024-09-08 17:11:40,商户消费,拼多多平台商户,"商户单号XP1824090817200243421336002083",支出,¥10.47,工商银行储蓄卡(1845),支付成功,4200002303202409085486287182	,XP1824090817200243421336002083	,"/"
2024-09-08 12:28:54,转账-退款,/,"转账备注:微信转账",收入,¥30.00,工商银行储蓄卡(1845),已全额退款,132100005020104202409080016210753215947	,	,"/"
2024-09-07 12:50:49,商户消费,P云停车平台,"【辽BF67279】在【建融家园-停车场】支付停车费1.50元",支出,¥1.50,零钱,支付成功,4200002340202409076244902303	,20240907125042075521115200	,"/"
2024-09-07 12:28:52,转账,白雪松,"转账备注:微信转账",支出,¥30.00,工商银行储蓄卡(1845),已全额退款,53010000947098202409073644614760	,1000050001202409070821643424827	,"/"
2024-09-07 12:26:22,商户消费,高新区合一韩亭烤肉店,"高新区合一韩亭烤肉店",支出,¥29.00,工商银行储蓄卡(1845),支付成功,4200067724202409075890400776	,20240907122620111347718177	,"/"
2024-09-06 18:21:59,商户消费,美团平台商户,"美团订单-24090611100300001303727871161549",支出,¥12.80,工商银行储蓄卡(1845),支付成功,4200002322202409069135476494	,20240906182147U12432169042533375	,"/"
2024-09-06 18:01:04,商户消费,姥家戴记麻辣烫大连店,"姥家戴记麻辣烫（大连高新区店）订单",支出,¥25.00,零钱,支付成功,4200002415202409061277477565	,83620240906756424899	,"/"
2024-09-06 07:15:39,商户消费,美团平台商户,"美团订单-24090611100300001303620544670549",支出,¥7.90,零钱,支付成功,4200002320202409062996186271	,20240906071534U35536596543054761	,"/"
2024-09-06 07:04:06,商户消费,(PCS)亚惠美食有限公司,"百乐汇厨房-扫码付-YY0015001501-240906-00170703(001)",支出,¥12.00,零钱,支付成功,4200066314202409069043485583	,08980605202710987357987931273314	,"/"
2024-09-05 07:22:15,商户消费,Cotti Coffee,"柚见气泡冰萃（共1件）",支出,¥7.90,零钱,支付成功,4200002404202409052937991849	,31155083505721344	,"/"
2024-09-05 07:10:45,商户消费,(PCS)亚惠美食有限公司,"百乐汇厨房-扫码付-YY0015001501-240905-00270710(001)",支出,¥11.50,零钱,支付成功,4200002306202409056435478800	,08980605202710986636568599781448	,"/"
2024-09-04 18:57:55,商户消费,高新区鑫亿嘉优选便利超市,"亿嘉优选仓储超市",支出,¥69.70,零钱,支付成功,4200067717202409045937812208	,03212409046827363708801	,"/"
2024-09-04 12:25:08,扫二维码付款,便利森便利店丨甘井子店,"收款方备注:二维码收款",支出,¥4.00,零钱,已转账,100010710124090400060326984589065947	,10001071012024090400031112654118	,"/"
2024-09-04 12:16:48,商户消费,拼多多国际,"商户单号XP1324090412200985781249008080",支出,¥1278.00,工商银行储蓄卡(1845),支付成功,4200002393202409040172726259	,XP1324090412200985781249008080	,"/"
2024-09-04 11:57:54,商户消费,鹏成餐饮管理,"岳记山陕老碗",支出,¥21.00,零钱,支付成功,4200066314202409047248778936	,202409041157512429728998	,"/"
2024-09-04 07:16:21,商户消费,美团平台商户,"美团订单-24090411100300001303302802050549",支出,¥7.90,零钱,支付成功,4200002429202409048239038424	,20240904071608U89222543524809340	,"/"
2024-09-04 07:11:10,商户消费,(PCS)亚惠美食有限公司,"百乐汇厨房-扫码付-YY0015001501-240904-00350710(001)",支出,¥13.00,零钱,支付成功,4200067720202409046301187687	,08980605202710985911993095983160	,"/"
2024-09-03 19:04:38,商户消费,望月圆超市,"望月圆生活超市-2024090319044527983092158645",支出,¥25.50,零钱,支付成功,4200002349202409034051983612	,1000939931524247	,"/"
2024-09-03 12:02:52,商户消费,大连三寰商业管理有限公司,"大连三寰商业管理有限公司扫码收款",支出,¥14.80,零钱,支付成功,4200002295202409031816473386	,20240903110113130166217826674881	,"/"
2024-09-03 07:21:38,商户消费,美团平台商户,"美团订单-24090311100300001303147190814549",支出,¥7.90,零钱,支付成功,4200002430202409032465078020	,20240903072129U78761256387518651	,"/"
2024-09-03 07:09:34,商户消费,(PCS)亚惠美食有限公司,"百乐汇厨房-扫码付-YY0015001501-240903-00230709(001)",支出,¥11.50,零钱,支付成功,4200066318202409030789999242	,08980605202710985186409684236317	,"/"
2024-09-02 11:58:44,商户消费,鹏成餐饮管理,"岳记山陕老碗",支出,¥21.00,零钱,支付成功,4200002302202409023350719500	,202409021158416239664034	,"/"
2024-09-02 07:11:55,商户消费,罗森(软件园腾飞二期店),"大连罗森软件园腾飞二期店消费",支出,¥7.00,零钱,支付成功,4200067720202409024609244055	,578681783588	,"/"
2024-09-02 06:59:10,商户消费,(PCS)亚惠美食有限公司,"百乐汇厨房-扫码付-YY0015001501-240902-00090658(001)",支出,¥14.50,零钱,支付成功,4200002353202409021474231821	,08980605202710984456403337107520	,"/"
2024-09-01 15:32:21,商户消费,万达广场,"停车缴费",支出,¥7.00,零钱,支付成功,4200002403202409019355386804	,5827928493293260800	,"/"
2024-09-01 15:00:44,商户消费,美团平台商户,"美团订单-24090111100300001302895924870549",支出,¥14.00,零钱,支付成功,4200002429202409011949563100	,20240901150033U86569886474886175	,"/"
2024-09-01 12:07:18,扫二维码付款,悦来家常菜,"收款方备注:二维码收款",支出,¥72.00,零钱,已转账,100010710124090100060327758737059947	,10001071012024090100391226613120	,"/"
2024-09-01 08:06:39,商户消费,luckin coffee,"订单付款",支出,¥9.90,零钱,支付成功,4200002358202409014716142935	,10115772802706341893	,"/"
2024-08-31 17:48:21,转账,尹博,"转账备注:微信转账",支出,¥1000.00,工商银行储蓄卡(1845),对方已收钱,53010000912057202408310186171244	,1000050001202408310325037104616	,"/"
2024-08-31 15:59:39,商户消费,盛世体育,"辽BF67279-塔河湾欢乐海岸",支出,¥10.00,零钱,支付成功,4200002304202408315768086897	,CPNT202408315432837	,"/"
2024-08-31 15:15:45,商户消费,塔河湾·欢乐海岸,"您购买景区门票共2张 合计40元【线下】",支出,¥40.00,零钱,支付成功,4200002307202408313619688145	,2000482450	,"/"
2024-08-31 12:50:24,商户消费,luckin coffee,"订单付款",支出,¥9.90,零钱,支付成功,4200002344202408317256654859	,10115768147028869134	,"/"
2024-08-31 10:08:26,商户消费,拼多多平台商户,"商户单号XP2424083110200697840397002002",支出,¥29.40,零钱,支付成功,4200002293202408313975197184	,XP2424083110200697840397002002	,"/"
2024-08-30 18:24:33,转账,妈,"转账备注:微信转账",支出,¥600.00,零钱,对方已收钱,53010000909245202408301777998682	,1000050001202408300827972475484	,"/"
2024-08-30 12:30:36,扫二维码付款,便利森便利店丨甘井子店,"收款方备注:二维码收款",支出,¥4.00,零钱,已转账,100004990124083000060326941410498947	,10000499012024083000085794211153	,"/"
2024-08-30 12:00:21,商户消费,鹏成餐饮管理,"岳记山陕老碗",支出,¥21.00,零钱,支付成功,4200002333202408302678046211	,202408301200194062106739	,"/"
2024-08-30 07:14:03,商户消费,Cotti Coffee,"流云拿铁（共1件）",支出,¥7.90,零钱,支付成功,4200002322202408301425011715	,31015793934041088	,"/"
2024-08-30 07:04:49,商户消费,(PCS)亚惠美食有限公司,"百乐汇厨房-扫码付-YY0015001501-240830-00160704(001)",支出,¥12.00,零钱,支付成功,4200067722202408307898290560	,08980605202710982284919244085324	,"/"
2024-08-29 12:31:55,商户消费,美团平台商户,"美团订单-24082911100300001302329890452549",支出,¥14.00,零钱,支付成功,4200002436202408296023389522	,20240829123141U40323809157503817	,"/"
2024-08-29 12:06:58,扫二维码付款,悦来家常菜,"收款方备注:二维码收款",支出,¥17.00,零钱,已转账,100010710124082900060327732481039947	,10001071012024082900438215183076	,"/"
2024-08-29 07:15:37,商户消费,(PCS)亚惠美食有限公司,"百乐汇厨房-扫码付-YY0015001501-240829-00420715(001)",支出,¥12.00,零钱,支付成功,4200002310202408295712596091	,08980605202710981565582308900865	,"/"
2024-08-29 07:04:19,商户消费,美团平台商户,"美团订单-24082911100300001302278699241549",支出,¥7.90,零钱,支付成功,4200002428202408298359129707	,20240829070407U15536618947929312	,"/"
2024-08-28 16:26:46,商户消费,罗森(软件园腾飞二期店),"大连罗森软件园腾飞二期店消费",支出,¥5.20,零钱,支付成功,4200066312202408281854284343	,577306814288	,"/"
2024-08-28 12:20:10,商户消费,柠檬宣言,"柠檬宣言大连腾飞软件园店,WXTSLET实际支付6.0元",支出,¥6.00,零钱,支付成功,4200002330202408284576015110	,SCT47443592202408281220047901	,"/"
2024-08-28 11:58:10,商户消费,鹏成餐饮管理,"岳记山陕老碗",支出,¥20.00,零钱,支付成功,4200002331202408287020520667	,202408281158073203567057	,"/"
2024-08-28 07:16:30,商户消费,(PCS)亚惠美食有限公司,"百乐汇厨房-扫码付-YY0015001501-240828-00300714(001)",支出,¥12.00,零钱,支付成功,4200066313202408281922425532	,08980605202710980841246878957613	,"/"
2024-08-28 07:11:28,商户消费,Cotti Coffee,"芒芒生打椰拿铁（共1件）",支出,¥6.90,零钱,支付成功,4200002394202408281286612326	,30969367208615936	,"/"
2024-08-27 18:01:37,商户消费,凯德CAPITALAND,"2024082700000002579007550003订单支付,停车发票的开具由实际运营停车场的项目公司提供",支出,¥6.00,零钱,支付成功,4200002356202408274912324930	,08212408276489197314159	,"/"
2024-08-27 11:59:37,商户消费,鹏成餐饮管理,"鱼跃鸡公煲",支出,¥18.00,零钱,支付成功,4200066318202408271888360357	,202408271159353702514114	,"/"
2024-08-27 07:23:10,商户消费,(PCS)亚惠美食有限公司,"百乐汇厨房-扫码付-YY0015001501-240827-00560723(001)",支出,¥10.50,零钱,支付成功,4200066314202408270863648498	,08980605202710980119833402286081	,"/"
2024-08-27 07:17:21,商户消费,Cotti Coffee,"芒芒生打椰拿铁（共1件）",支出,¥6.90,零钱,支付成功,4200002433202408278290024590	,30946269138821120	,"/"
2024-08-27 07:02:16,商户消费,停车助手,"停车缴费,雲峰原著停车场,辽BF67279,2024-08-2618:16:30",支出,¥20.00,零钱,支付成功,4200002342202408278804378309	,8000009213924240	,"/"
2024-08-26 12:19:44,商户消费,罗森(软件园腾飞二期店),"大连罗森软件园腾飞二期店消费",支出,¥7.00,零钱,支付成功,4200002297202408266910185975	,576594276188	,"/"
2024-08-26 12:03:50,商户消费,(PCS)亚惠美食有限公司,"百乐汇厨房-扫码付-YY0015001505-240826-01561203(001)",支出,¥19.50,零钱,支付成功,4200066319202408263400107955	,08980605202710979536320596783176	,"/"
2024-08-26 07:41:17,商户消费,(PCS)亚惠美食有限公司,"百乐汇厨房-扫码付-YY0015001502-240826-00630741(001)",支出,¥9.50,零钱,支付成功,4200002307202408269175396358	,08980605202710979404177757403210	,"/"
2024-08-26 07:36:41,商户消费,美团平台商户,"美团订单-24082611100300001301770141874549",支出,¥7.90,零钱,支付成功,4200002437202408264647562270	,20240826073631U25728376259262994	,"/"
2024-08-25 11:06:10,商户消费,luckin coffee,"订单付款",支出,¥9.90,零钱,支付成功,4200002304202408252944168830	,10115732938027802634	,"/"
2024-08-24 18:34:41,商户消费,停牛出行,"停车费",支出,¥10.00,零钱,支付成功,4200002365202408243900452632	,P2024082418343309002342175	,"/"
2024-08-24 16:34:37,转账,丈母娘,"转账备注:微信转账",收入,¥1000.00,/,已存入零钱,1000050001202408241225640998874	,/	,"/"
2024-08-24 14:39:50,扫二维码付款,一生平安,"收款方备注:二维码收款",支出,¥5.00,零钱,已转账,100004990124082400060326092293791947	,10000499012024082400334177774086	,"/"
2024-08-24 14:34:01,商户消费,高新区鑫亿嘉优选便利超市,"亿嘉优选仓储超市",支出,¥2.80,零钱,支付成功,4200067723202408245620702490	,03242408245243946300229	,"/"
2024-08-24 14:27:49,商户消费,luckin coffee,"订单付款",支出,¥13.44,零钱,支付成功,4200002311202408247253593254	,10115727951839264770	,"/"
2024-08-24 11:08:54,商户消费,luckin coffee,"订单付款",支出,¥9.90,零钱,支付成功,4200002309202408243237134988	,10115727150760697865	,"/"
2024-08-24 10:47:18,商户消费,大连市蚂蚁生鲜,"蚂蚁生鲜面食店内购物",支出,¥16.00,零钱,支付成功,4200002332202408242728655398	,2024082440000009129147370310609	,"/"
2024-08-24 10:02:08,商户消费,美团平台商户,"美团订单-24082411100300001301406382708549",支出,¥110.40,零钱,支付成功,4200002416202408240429879357	,20240824100158U44074202236666660	,"/"
2024-08-23 16:04:37,商户消费,高新区鑫亿嘉优选便利超市,"亿嘉优选仓储超市",支出,¥74.80,零钱,支付成功,4200002311202408237520692081	,03232408235787641708845	,"/"
2024-08-23 15:48:22,商户消费,高新区玉川米氏母婴用品店,"高新区玉川米氏母婴用品店",支出,¥25.90,零钱,支付成功,4200066315202408230154582034	,20240823154819034710390556	,"/"
2024-08-23 12:43:08,商户消费,麦当劳,"麦当劳",支出,¥5.00,零钱,支付成功,4200002405202408235136483219	,12747073419421421568	,"/"
2024-08-23 12:02:03,商户消费,沂蒙炒鸡,"/",支出,¥19.00,零钱,支付成功,4200002361202408232755635167	,10322425032917243857180114145700	,"/"
2024-08-23 07:39:23,商户消费,(PCS)大连百乐汇餐饮有限公司,"百乐汇厨房-扫码付-YY0459045901-240823-00880738(001)",支出,¥10.50,零钱,支付成功,4200066313202408233690308342	,08980605200780977228886284970032	,"/"
2024-08-22 19:36:18,商户消费,望月圆超市,"望月圆生活超市-2024082219362517083092154121",支出,¥22.80,零钱,支付成功,4200067724202408228855468161	,1000966831524235	,"/"
2024-08-22 17:38:03,商户消费,大连恒大檀溪郡物业服务中心,"物业费",支出,¥215.80,零钱,支付成功,4200002293202408226984246913	,NS7020240822173752124535	,"/"
2024-08-22 12:04:44,扫二维码付款,李梅,"收款方备注:二维码收款",支出,¥9.50,零钱,已转账,100010710124082200060326074559023947	,10001071012024082200089740612126	,"/"
2024-08-22 12:03:44,扫二维码付款,悦来家常菜,"收款方备注:二维码收款",支出,¥16.00,零钱,已转账,100010710124082200060327574646824947	,10001071012024082200057103416191	,"/"
2024-08-22 07:52:26,商户消费,(PCS)亚惠美食有限公司,"百乐汇厨房-扫码付-YY0015001502-240822-01360752(001)",支出,¥8.50,零钱,支付成功,4200002347202408228510433608	,08980605202710976510685511032835	,"/"
2024-08-21 12:49:07,商户消费,辽宁省高速公路运营管理有限责任公司,"辽宁省高速公路运营管理有限责任公司",支出,¥50.00,零钱,支付成功,4200002324202408210867886482	,35RG20240821124901v7khkfg	,"/"
2024-08-21 12:38:40,商户消费,高新区便利森桃桃便利店,"高新区便利森桃桃便利店",支出,¥5.00,零钱,支付成功,4200067721202408215954369630	,1000497242424234	,"/"
2024-08-21 11:58:22,商户消费,鹏成餐饮管理,"周记熏肉大饼",支出,¥17.00,零钱,支付成功,4200002331202408219782032941	,202408211158203806612073	,"/"
2024-08-21 07:47:25,商户消费,(PCS)亚惠美食有限公司,"百乐汇厨房-扫码付-YY0015001502-240821-01030747(001)",支出,¥11.00,零钱,支付成功,4200002343202408218048344741	,08980605202710975783380547411978	,"/"
2024-08-21 07:17:42,转账,piu~,"转账备注:微信转账",收入,¥1000.00,/,已存入零钱,1000050001202408210322507166713	,/	,"/"
2024-08-20 12:48:15,商户消费,罗森(软件园腾飞二期店),"大连罗森软件园腾飞二期店消费",支出,¥3.50,零钱,支付成功,4200002229202408207872444318	,574752722588	,"/"
2024-08-20 12:41:54,商户消费,罗森(软件园腾飞二期店),"大连罗森软件园腾飞二期店消费",支出,¥22.80,零钱,支付成功,4200002327202408207622115589	,574750688888	,"/"
2024-08-20 12:32:24,商户消费,(PCS)亚惠美食有限公司,"百乐汇厨房-扫码付-YY0015001501-240820-01581232(001)",支出,¥15.00,零钱,支付成功,4200002293202408204057874782	,08980605202710975202041204946952	,"/"
2024-08-20 07:37:23,商户消费,(PCS)亚惠美食有限公司,"百乐汇厨房-扫码付-YY0015001502-240820-00440737(001)",支出,¥6.00,零钱,支付成功,4200066313202408205749982740	,08980605202710975053552484010067	,"/"
2024-08-19 11:59:43,商户消费,鹏成餐饮管理,"鱼跃鸡公煲",支出,¥17.00,零钱,支付成功,4200002357202408192377888647	,202408191159402801751703	,"/"
2024-08-19 07:30:52,商户消费,(PCS)亚惠美食有限公司,"百乐汇厨房-扫码付-YY0015001502-240819-00310730(001)",支出,¥11.00,零钱,支付成功,4200066319202408196067999911	,08980605202710974325497545263128	,"/"
2024-08-18 20:44:29,商户消费,京东商城平台商户,"京东-订单编号299745887019",支出,¥0.01,零钱,支付成功,4200002339202408188946376533	,1012705124081820441905931	,"/"
2024-08-18 14:33:00,商户消费,阿姨炒饭盖饭,"阿姨炒饭盖饭",支出,¥30.00,零钱,支付成功,4200002433202408186540960312	,7895222659855882	,"/"
2024-08-18 14:27:22,商户消费,luckin coffee,"订单付款",支出,¥11.02,零钱,支付成功,4200002230202408182333110542	,10115693160792227840	,"/"
2024-08-18 14:24:33,商户消费,luckin coffee,"订单付款",支出,¥9.90,零钱,支付成功,4200002327202408184876677634	,10115693149383671810	,"/"
2024-08-17 18:36:08,商户消费,望月圆超市,"望月圆生活超市-2024081718361664483092157507",支出,¥27.10,零钱,支付成功,4200002310202408172108491943	,1000930031524230	,"/"
2024-08-17 09:40:06,商户消费,高新区鑫亿嘉优选便利超市,"亿嘉优选仓储超市",支出,¥9.60,零钱,支付成功,4200002337202408175255926349	,03232408173480460610079	,"/"
2024-08-17 09:31:45,扫二维码付款,可心,"收款方备注:二维码收款",支出,¥35.00,零钱,已转账,100010710124081700060328632256609947	,10001071012024081700197943424168	,"/"
2024-08-16 12:00:20,商户消费,鹏成餐饮管理,"小丰无名缘米粉",支出,¥15.00,零钱,支付成功,4200002340202408160996981853	,202408161200184070415149	,"/"
2024-08-16 07:47:54,商户消费,(PCS)亚惠美食有限公司,"百乐汇厨房-扫码付-YY0015001502-240816-01000747(001)",支出,¥11.00,零钱,支付成功,4200002329202408162331436315	,08980605202710972159750387714116	,"/"
2024-08-15 11:59:15,商户消费,鹏成餐饮管理,"头份便当",支出,¥20.00,零钱,支付成功,4200002299202408158038316964	,202408151159128522891110	,"/"
2024-08-15 07:44:42,商户消费,(PCS)亚惠美食有限公司,"百乐汇厨房-扫码付-YY0015001502-240815-00510744(001)",支出,¥11.00,零钱,支付成功,4200067723202408151222312003	,08980605202710971433360109520944	,"/"
2024-08-15 07:40:11,商户消费,Cotti Coffee,"纯萃燕麦拿铁（共1件）",支出,¥5.90,零钱,支付成功,4200002400202408156705671997	,30668323234627584	,"/"
2024-08-14 19:07:32,商户消费,高新区鑫亿嘉优选便利超市,"亿嘉优选仓储超市",支出,¥37.30,零钱,支付成功,4200067717202408149112324811	,03232408146885064810157	,"/"
2024-08-14 18:57:41,商户消费,一挑香过桥米线,"万物皆可炸炸货",支出,¥7.00,零钱,支付成功,4200002395202408143075931619	,7895009099832352	,"/"
2024-08-14 18:11:10,拼多多平台商户-退款,拼多多平台商户,"拼多多平台商户",收入,¥47.20,零钱,已全额退款,50303400362024081419926876731	,	,"/"
2024-08-14 17:58:33,商户消费,拼多多平台商户,"商户单号XP2324081417200714163821006661",支出,¥47.20,零钱,已全额退款,4200002435202408148453559408	,XP2324081417200714163821006661	,"/"
2024-08-14 15:48:56,商户消费,罗森(软件园腾飞二期店),"大连罗森软件园腾飞二期店消费",支出,¥7.90,零钱,支付成功,4200002360202408143762807265	,573001898788	,"/"
2024-08-14 07:00:37,商户消费,(PCS)亚惠美食有限公司,"百乐汇厨房-扫码付-YY0015001501-240814-00100657(001)",支出,¥13.00,零钱,支付成功,4200002355202408140975414687	,08980605202710970686393154717759	,"/"
2024-08-13 19:09:47,商户消费,徕喽24h共享自助洗车黄泥川店,"星星_2024-08-13 19:09:39",支出,¥100.00,零钱,支付成功,4200002304202408132308603802	,49156043220240813190939	,"/"
2024-08-13 18:33:15,商户消费,高新区萌小琪蛋糕甜品店,"高新区萌小琪蛋糕甜品店",支出,¥17.00,零钱,支付成功,4200002440202408137964855445	,14042024081318330207881028131	,"/"
2024-08-13 18:30:45,商户消费,望月圆超市,"望月圆生活超市-2024081318305569583092152221",支出,¥21.50,零钱,支付成功,4200066315202408135223363877	,1000795831524226	,"/"
2024-08-13 12:31:40,商户消费,大连三寰商业管理有限公司,"大连三寰商业管理有限公司扫码收款",支出,¥5.00,零钱,支付成功,4200002298202408139425864400	,20240813110113130166217624696843	,"/"
2024-08-13 12:11:41,商户消费,(PCS)大连百乐汇餐饮有限公司,"D咭力辣骨饭段-扫码付-YY0459045908-240813-00811211(001)",支出,¥20.00,零钱,支付成功,4200002335202408137989375590	,08980605200780970118183812395086	,"/"
2024-08-13 07:35:02,商户消费,(PCS)亚惠美食有限公司,"百乐汇厨房-扫码付-YY0015001502-240813-00240734(001)",支出,¥9.00,零钱,支付成功,4200002333202408137587545908	,08980605202710969978946341507144	,"/"
2024-08-12 11:59:04,商户消费,鹏成餐饮管理,"岳记山陕老碗",支出,¥21.00,零钱,支付成功,4200066316202408124769351429	,202408121159016653383062	,"/"
2024-08-12 07:34:08,商户消费,美团平台商户,"美团订单-24081211100300001309213503368549",支出,¥7.90,零钱,支付成功,4200002403202408120077359192	,20240812073359U85107760128537441	,"/"
2024-08-11 19:22:30,转账,piu~,"转账备注:微信转账",收入,¥300.00,/,已存入零钱,1000050001202408110520956529583	,/	,"/"
2024-08-11 18:34:43,扫二维码付款,刁飞便利13109813094,"收款方备注:二维码收款",支出,¥19.00,零钱,已转账,100010710124081100060327586038464947	,10001071012024081100398051979126	,"/"
2024-08-11 11:00:35,微信红包,ba,"/",收入,¥200.00,/,已存入零钱,1000039901000408116216866248024	,1000039901202408116216866248024	,"/"
2024-08-11 10:58:39,商户消费,吾隆香·海鲜老菜•锅贴（锦绣店）,"美团收银909700192357220759",支出,¥191.00,工商银行储蓄卡(1845),支付成功,4200067723202408119083333773	,0461368605260695386804020	,"/"
2024-08-10 20:30:48,其他,打开拼多多，领更多现金红包,"/",收入,¥0.01,/,已到账,160871516524081010104004329149564992132947135	,1200129426281240810010508030607581845085	,"打开拼多多，领更多现金红包"
2024-08-10 13:03:49,扫二维码付款,暖被窝,"收款方备注:二维码收款",支出,¥5.00,零钱,已转账,100010710124081000060326075140866947	,10001071012024081000510529154075	,"/"
2024-08-10 08:07:27,商户消费,大连市蚂蚁生鲜,"蚂蚁生鲜水果店内购物",支出,¥30.20,零钱,支付成功,4200002311202408102005764659	,128117232484454059000184838461	,"/"
2024-08-09 14:56:03,商户消费,Cotti Coffee,"柚见气泡冰萃（共1件）",支出,¥5.90,零钱,支付成功,4200002407202408093398179138	,30536186395205632	,"/"
2024-08-09 12:00:14,商户消费,鹏成餐饮管理,"头份便当",支出,¥20.00,零钱,支付成功,4200002309202408098990416249	,202408091200126781441335	,"/"
2024-08-09 07:40:15,商户消费,(PCS)亚惠美食有限公司,"百乐汇厨房-扫码付-YY0015001502-240809-00600739(001)",支出,¥11.00,零钱,支付成功,4200002330202408094292593917	,08980605202710967082464479219802	,"/"
2024-08-09 07:33:59,商户消费,Cotti Coffee,"流云拿铁（共1件）",支出,¥4.90,零钱,支付成功,4200002431202408096138416693	,30529065874857986	,"/"
2024-08-08 07:34:28,商户消费,(PCS)亚惠美食有限公司,"百乐汇厨房-扫码付-YY0015001502-240808-00390734(001)",支出,¥9.00,零钱,支付成功,4200002227202408082062613796	,08980605202710966354777599027258	,"/"
2024-08-08 07:27:38,商户消费,Cotti Coffee,"流云拿铁（共1件）",支出,¥4.90,零钱,支付成功,4200002436202408088108658503	,30505770773643264	,"/"
2024-08-06 20:18:38,扫二维码付款,暖被窝,"收款方备注:二维码收款",支出,¥5.00,零钱,已转账,100010710124080600060326145161497947	,10001071012024080600460976854154	,"/"
2024-08-05 18:16:33,二维码收款,要钱的,"收款方备注:二维码收款",收入,¥60.00,零钱,已收钱,10001071012024080500959697355182	,/	,"/"
2024-08-05 18:16:13,二维码收款,要钱的,"收款方备注:二维码收款",收入,¥80.00,零钱,已收钱,10001071012024080500826862281148	,/	,"/"
2024-08-05 08:22:03,商户消费,Cotti Coffee,"香浓黑巧麦芬（共1件）",支出,¥7.90,工商银行储蓄卡(1845),支付成功,4200002326202408050249498688	,30437069270179846	,"/"
2024-08-05 07:49:36,扫二维码付款,要钱的,"收款方备注:二维码收款",支出,¥140.00,工商银行储蓄卡(1845),已转账,100004990124080500060329930837731947	,10000499012024080500537427085107	,"/"
2024-08-04 19:20:19,商户消费,陕西永辉超市有限公司,"6206230410091284",支出,¥9.90,工商银行储蓄卡(1845),支付成功,4200002357202408041426483744	,2024080421004831163023511553	,"/"
2024-08-04 18:52:12,商户消费,Cotti Coffee,"鲜气杨梅手摇冰茶（共1件）",支出,¥4.90,工商银行储蓄卡(1845),支付成功,4200002410202408040837612034	,30424025720897538	,"/"
2024-08-04 08:40:35,商户消费,拼多多平台商户,"商户单号XP1624080408201364683436002581",支出,¥8.30,工商银行储蓄卡(1845),支付成功,4200002232202408044188075849	,XP1624080408201364683436002581	,"/"
2024-08-04 07:48:16,扫二维码付款,老北京芝麻饼,"收款方备注:二维码收款",支出,¥3.50,工商银行储蓄卡(1845),已转账,100004990124080400060329922424639947	,10000499012024080400750548264192	,"/"
2024-08-04 07:46:56,商户消费,砂锅豆腐脑,"/",支出,¥6.00,工商银行储蓄卡(1845),支付成功,4200002351202408047871783641	,10322600525117227288120119380100	,"/"
2024-08-03 19:18:18,美团平台商户-退款,美团平台商户,"美团平台商户",收入,¥115.00,工商银行储蓄卡(1845),已全额退款,50103300162024080380444095540	,	,"/"
2024-08-03 17:44:48,商户消费,7-Eleven陕西,"7-ELEVEn陕西赛文提客便利南大街消费",支出,¥3.50,工商银行储蓄卡(1845),支付成功,4200067723202408037690211276	,569672176299	,"/"
2024-08-03 12:39:25,扫二维码付款,陈老二,"收款方备注:二维码收款",支出,¥13.00,工商银行储蓄卡(1845),已转账,100010710124080300060325816908446947	,10001071012024080300948844471093	,"/"
2024-08-03 12:01:58,扫二维码付款,豫味斋优质肉丁胡辣汤,"收款方备注:二维码收款",支出,¥7.50,工商银行储蓄卡(1845),已转账,100010710124080300060325001401194947	,10001071012024080300070344294119	,"/"
2024-08-03 11:57:54,商户消费,蜜雪冰城,"蜜雪冰城915242店",支出,¥12.50,工商银行储蓄卡(1845),支付成功,4200002227202408031055760555	,142360422821624080311574756396	,"/"
2024-08-02 12:10:52,商户消费,鹏成餐饮管理,"鱼跃鸡公煲",支出,¥18.00,零钱,支付成功,4200067721202408023075828675	,202408021210491179466591	,"/"
2024-08-02 09:19:15,转账,Will-BI,"转账备注:8-1加班交通",收入,¥21.00,/,已存入零钱,1000050001202408021425886088883	,/	,"/"
2024-08-02 06:55:53,商户消费,美团平台商户,"美团订单-24080211100300001307246998868549",支出,¥115.00,工商银行储蓄卡(1845),已全额退款,4200002440202408025180762909	,20240802065540U49589644739960858	,"/"
2024-08-01 12:00:44,商户消费,鹏成餐饮管理,"鱼跃鸡公煲",支出,¥17.00,工商银行储蓄卡(1845),支付成功,4200066313202408015639134156	,202408011200411093777735	,"/"
2024-08-01 09:04:02,商户消费,Cotti Coffee,"柚见美式（共1件）",支出,¥6.90,工商银行储蓄卡(1845),支付成功,4200002397202408017357410659	,30344973612457984	,"/"
2024-08-01 07:05:59,商户消费,京东,"京东-LOC订单298989100236",支出,¥7.90,工商银行储蓄卡(1845),支付成功,4200002309202408015154658110	,6190522408010705520369503704	,"/"
2024-08-01 04:01:49,商户消费,拼多多平台商户,"商户单号XP1424080104201169072314005136",支出,¥9.96,工商银行储蓄卡(1845),支付成功,4200002293202408010149655354	,XP1424080104201169072314005136	,"/"
2024-08-01 03:35:12,商户消费,拼多多国际,"商户单号XP1124080103200948545133000636",支出,¥1272.00,工商银行储蓄卡(1845),支付成功,4200002356202408013382762324	,XP1124080103200948545133000636	,"/"
2024-07-26 18:26:48,商户消费,丰巢,"快件畅存费",支出,¥1.00,零钱,支付成功,4200002355202407266339802093	,20240726182642486063035690401070	,"/"
2024-07-26 12:58:36,商户消费,京东,"京东-订单编号298773309582",支出,¥0.01,零钱,支付成功,4200002319202407267248512133	,6180582407261258260241152386	,"/"
2024-07-25 18:05:36,商户消费,凯德CAPITALAND,"2024072500000002410407550003订单支付,停车发票的开具由实际运营停车场的项目公司提供",支出,¥20.00,零钱,支付成功,4200002330202407256959283172	,08212407256513008614268	,"/"
2024-07-25 18:05:20,零钱充值,工商银行(1845),"/",/,¥3.00,工商银行储蓄卡(1845),充值完成,110240725100054329430026335947	,/	,"/"
2024-07-24 18:30:40,商户消费,丰巢,"快件畅存费",支出,¥0.50,零钱,支付成功,4200002335202407240358882621	,20240724183036178013035910401006	,"/"
2024-07-24 18:10:41,商户消费,凯德CAPITALAND,"2024072400000002648907550003订单支付,停车发票的开具由实际运营停车场的项目公司提供",支出,¥20.00,零钱,支付成功,4200002300202407249730447391	,08212407246543517114249	,"/"
2024-07-24 12:00:46,商户消费,鹏成餐饮管理,"鱼跃鸡公煲",支出,¥17.00,零钱,支付成功,4200067724202407246035025405	,202407241200439963943586	,"/"
2024-07-24 07:11:43,商户消费,(PCS)亚惠美食有限公司,"百乐汇厨房-扫码付-YY0015001501-240724-00220711(001)",支出,¥12.00,零钱,支付成功,4200066317202407246433402963	,08980605202710955471691164434508	,"/"
2024-07-23 18:32:24,商户消费,望月圆超市,"望月圆生活超市-2024072318323461183092154469",支出,¥18.10,零钱,支付成功,4200002301202407233677037240	,1000798731524205	,"/"
2024-07-23 15:36:22,商户消费,罗森(软件园腾飞二期店),"大连罗森软件园腾飞二期店消费",支出,¥10.90,零钱,支付成功,4200066313202407236279467664	,566259630288	,"/"
2024-07-23 11:53:45,商户消费,凯德CAPITALAND,"2024072300000000988107550005订单支付,停车发票的开具由实际运营停车场的项目公司提供",支出,¥16.50,零钱,支付成功,4200002294202407238489005324	,08212407234282200910286	,"/"
2024-07-23 07:20:26,商户消费,(PCS)亚惠美食有限公司,"百乐汇厨房-扫码付-YY0015001501-240723-00480719(001)",支出,¥11.00,零钱,支付成功,4200002327202407236299054421	,08980605202710954751302910099510	,"/"
2024-07-22 18:08:42,商户消费,凯德CAPITALAND,"2024072200000002558207550005订单支付,停车发票的开具由实际运营停车场的项目公司提供",支出,¥20.00,零钱,支付成功,4200002308202407224457657998	,08212407226531786514130	,"/"
2024-07-22 08:58:51,转账,Will-BI,"转账备注:7-18发版加班",收入,¥72.00,/,已存入零钱,1000050001202407221229737493015	,/	,"/"
2024-07-22 08:58:48,转账,Will-BI,"转账备注:7-20加班",收入,¥72.00,/,已存入零钱,1000050001202407220820153637553	,/	,"/"
2024-07-21 12:16:51,商户消费,CoCo都可,"CoCo都可-CoCo都可(大华锦绣店)-终端CN2503030",支出,¥12.00,工商银行储蓄卡(1845),支付成功,4200002398202407216416575330	,3024072115407803050498	,"/"
2024-07-20 17:36:05,商户消费,京东商城平台商户,"京东-订单编号298617693377",支出,¥0.01,零钱,支付成功,4200002430202407202727000325	,1012706624072017360007321	,"/"
2024-07-20 12:25:19,商户消费,喜家德水饺（腾飞软件园店）,"喜家德大连腾飞软件园店-点餐即支付-1721449515138545",支出,¥35.00,工商银行储蓄卡(1845),支付成功,4200002401202407202282355854	,01393501132770952730410856024154	,"/"
2024-07-18 22:05:41,商户消费,辽宁省高速公路运营管理有限责任公司,"辽宁省高速公路运营管理有限责任公司",支出,¥80.00,工商银行储蓄卡(1845),支付成功,4200002436202407186418976983	,35RG20240718220531mdopu9e	,"/"
2024-07-17 07:13:00,商户消费,(PCS)亚惠美食有限公司,"百乐汇厨房-扫码付-YY0015001501-240717-00290712(001)",支出,¥11.00,工商银行储蓄卡(1845),支付成功,4200002312202407179896345998	,08980605202710950398907539302464	,"/"
2024-07-16 20:57:19,商户消费,京东商城平台商户,"京东-订单编号298476745673",支出,¥2.90,工商银行储蓄卡(1845),支付成功,4200002357202407165320526156	,1012706924071620571206782	,"/"
2024-07-13 19:55:11,商户消费,高新区鑫亿嘉优选便利超市,"亿嘉优选仓储超市",支出,¥18.00,工商银行储蓄卡(1845),支付成功,4200002305202407135624869230	,03212407137171016011062	,"/"
2024-07-12 12:00:52,商户消费,鹏成餐饮管理,"鱼跃鸡公煲",支出,¥17.00,工商银行储蓄卡(1845),支付成功,4200002294202407127444779907	,202407121200491701044569	,"/"
2024-07-11 21:54:45,商户消费,凯德CAPITALAND,"2024071100000003229107550003订单支付,停车发票的开具由实际运营停车场的项目公司提供",支出,¥20.00,工商银行储蓄卡(1845),支付成功,4200002340202407113189686236	,08212407117887916008128	,"/"
2024-07-11 19:07:56,商户消费,罗森(软件园腾飞二期店),"大连罗森软件园腾飞二期店消费",支出,¥14.90,工商银行储蓄卡(1845),支付成功,4200066315202407116359947701	,562567649988	,"/"
2024-07-11 12:02:22,扫二维码付款,悦来家常菜,"收款方备注:二维码收款",支出,¥16.00,工商银行储蓄卡(1845),已转账,100010710124071100060326924986510947	,10001071012024071100608726266113	,"/"
2024-07-11 07:18:36,商户消费,(PCS)亚惠美食有限公司,"百乐汇厨房-扫码付-YY0015001501-240711-00480718(001)",支出,¥11.50,工商银行储蓄卡(1845),支付成功,4200067718202407113117625520	,08980605202710946053068443899911	,"/"
2024-07-11 07:07:37,商户消费,京东,"京东-LOC订单294904256159",支出,¥7.90,工商银行储蓄卡(1845),支付成功,4200002337202407111142405919	,6190512407110707290938284265	,"/"
2024-07-10 19:54:15,扫二维码付款,刁飞便利13109813094,"收款方备注:二维码收款",支出,¥18.00,工商银行储蓄卡(1845),已转账,100004990124071000060325920168533947	,10000499012024071000133579943128	,"/"
2024-07-10 18:59:20,商户消费,大连拾伍餐饮,"支付码:315919 多乐之日大连腾飞软件园店(7389960067623160428)",支出,¥55.90,工商银行储蓄卡(1845),支付成功,4200002297202407102389928709	,OP7389960067170183788	,"/"
2024-07-10 11:59:41,商户消费,鹏成餐饮管理,"鱼跃鸡公煲",支出,¥17.00,工商银行储蓄卡(1845),支付成功,4200066319202407109114147709	,202407101159383089606106	,"/"
2024-07-10 09:18:51,商户消费,甘井子区红旗西路社区卫生,"甘井子区红旗西路社区卫生",支出,¥448.00,工商银行储蓄卡(1845),支付成功,4200002343202407101579327932	,CZ202407100918458500	,"/"
2024-07-10 07:59:55,商户消费,京东商城平台商户,"京东-订单编号294792955157",支出,¥1.00,零钱,支付成功,4200002347202407109923492065	,1012702024071007595002178	,"/"
2024-07-09 18:10:17,商户消费,凯德CAPITALAND,"2024070900000002568107550003订单支付,停车发票的开具由实际运营停车场的项目公司提供",支出,¥20.00,工商银行储蓄卡(1845),支付成功,4200002298202407099341158638	,08212407096540892511916	,"/"
2024-07-08 19:42:50,商户消费,望月圆超市,"望月圆生活超市-2024070819425987483092154185",支出,¥6.00,工商银行储蓄卡(1845),支付成功,4200066318202407087332954979	,1000974931524190	,"/"
2024-07-08 19:34:13,扫二维码付款,刁飞便利13109813094,"收款方备注:二维码收款",支出,¥23.00,工商银行储蓄卡(1845),已转账,100010710124070800060327703113887947	,10001071012024070800055552741094	,"/"
2024-07-08 18:11:14,商户消费,凯德CAPITALAND,"2024070800000002504307550003订单支付,停车发票的开具由实际运营停车场的项目公司提供",支出,¥20.00,工商银行储蓄卡(1845),支付成功,4200002312202407088882601700	,08212407086546968514227	,"/"
2024-07-08 12:00:57,商户消费,鹏成餐饮管理,"鱼跃鸡公煲",支出,¥17.00,工商银行储蓄卡(1845),支付成功,4200067717202407084716906579	,202407081200549774015873	,"/"
2024-07-08 07:10:03,商户消费,(PCS)亚惠美食有限公司,"百乐汇厨房-扫码付-YY0015001501-240708-00180709(001)",支出,¥9.50,工商银行储蓄卡(1845),支付成功,4200067718202407086061338632	,08980605202710943874440880592986	,"/"
2024-07-06 10:51:34,商户消费,王氏现捞,"川蜀王氏现捞",支出,¥40.13,工商银行储蓄卡(1845),支付成功,4200067720202407065665906983	,7895222279627310	,"/"
2024-07-06 10:41:31,商户消费,大连市蚂蚁生鲜,"蚂蚁生鲜水果店内购物",支出,¥8.08,工商银行储蓄卡(1845),支付成功,4200066319202407060753464472	,YLWX24070633719992	,"/"
2024-07-06 10:39:23,商户消费,大连市蚂蚁生鲜,"蚂蚁生鲜蔬菜店内购物",支出,¥13.69,工商银行储蓄卡(1845),支付成功,4200066314202407067915946333	,83620240706390221538	,"/"
2024-07-06 10:35:35,商户消费,大连市蚂蚁生鲜,"蚂蚁生鲜面食店内购物",支出,¥1.00,零钱,支付成功,4200002345202407061874423893	,83620240706661735221	,"/"
2024-07-06 10:35:09,商户消费,大连市蚂蚁生鲜,"蚂蚁生鲜面食店内购物",支出,¥8.58,工商银行储蓄卡(1845),支付成功,4200067724202407062114013800	,83620240706942210213	,"/"
2024-07-06 10:33:42,商户消费,大连市蚂蚁生鲜,"蚂蚁生鲜豆制品店内购物",支出,¥13.58,工商银行储蓄卡(1845),支付成功,4200002297202407064573691259	,83620240706767406637	,"/"
2024-07-06 10:31:07,商户消费,铭良玖号熟食店,"被扫支付",支出,¥15.80,工商银行储蓄卡(1845),支付成功,4200066317202407065359103168	,7895009277296566	,"/"
2024-07-06 10:29:52,商户消费,铭良玖号熟食店,"被扫支付",支出,¥20.70,工商银行储蓄卡(1845),支付成功,4200002300202407068924369950	,7895009277276926	,"/"
2024-07-06 10:27:59,商户消费,大连市蚂蚁生鲜,"蚂蚁生鲜面食店内购物",支出,¥13.08,工商银行储蓄卡(1845),支付成功,4200066314202407066899420868	,83620240706661595203	,"/"
2024-07-05 19:24:42,其他,京东App抽奖奖励,"/",收入,¥0.10,/,已到账,155910367124070510101004311819183749132947635	,131000706031901134899302024070581114653427	,"京东App抽奖奖励"
2024-07-05 18:05:59,商户消费,凯德CAPITALAND,"2024070500000002458307550005订单支付,停车发票的开具由实际运营停车场的项目公司提供",支出,¥20.00,工商银行储蓄卡(1845),支付成功,4200002335202407056410857306	,08212407056515050714856	,"/"
2024-07-05 07:00:19,商户消费,京东,"京东-LOC订单298044105702",支出,¥7.40,工商银行储蓄卡(1845),支付成功,4200002339202407056619068673	,6190482407050700150960045129	,"/"
2024-07-04 18:09:13,商户消费,凯德CAPITALAND,"2024070400000002478507550003订单支付,停车发票的开具由实际运营停车场的项目公司提供",支出,¥20.00,工商银行储蓄卡(1845),支付成功,4200002297202407040839169978	,08212407046534538208867	,"/"
2024-07-04 12:01:04,商户消费,鹏成餐饮管理,"鱼跃鸡公煲",支出,¥17.00,工商银行储蓄卡(1845),支付成功,4200002329202407047041625803	,202407041201018100250569	,"/"
2024-07-04 08:18:29,商户消费,(PCS)亚惠美食有限公司,"百乐汇厨房-扫码付-YY0015001502-240704-01960818(001)",支出,¥3.50,工商银行储蓄卡(1845),支付成功,4200002174202407049429949021	,08980605202710941009788920272968	,"/"
2024-07-03 15:57:09,商户消费,大连市蚂蚁生鲜,"蚂蚁生鲜水果店内购物",支出,¥4.50,工商银行储蓄卡(1845),支付成功,4200002232202407039341985166	,YLWX24070329167946	,"/"
2024-07-02 18:10:22,商户消费,凯德CAPITALAND,"2024070200000002450807550005订单支付,停车发票的开具由实际运营停车场的项目公司提供",支出,¥20.00,工商银行储蓄卡(1845),支付成功,4200002347202407028257801945	,08212407026541502708302	,"/"
2024-07-02 15:49:01,商户消费,罗森(软件园腾飞二期店),"大连罗森软件园腾飞二期店消费",支出,¥10.90,工商银行储蓄卡(1845),支付成功,4200066314202407028937592992	,559623383388	,"/"
2024-07-02 12:02:28,商户消费,鹏成餐饮管理,"鱼跃鸡公煲",支出,¥17.00,零钱,支付成功,4200067720202407021710146524	,202407021202264017623281	,"/"
2024-07-02 07:17:04,商户消费,(PCS)亚惠美食有限公司,"百乐汇厨房-扫码付-YY0015001501-240702-00270716(001)",支出,¥8.50,零钱,支付成功,4200066313202407022389624982	,08980605202710939529319230560294	,"/"
